{"acc": 0.7625974903761306, "loss": 0.19979314251858754, "_timestamp": 1677163094.3338366, "_runtime": 5.178157567977905, "_step": 7, "_wandb": {"runtime": 3}}